,attribute,importance
0,credit_history,0.1577235772357723
1,property_area,0.006504065040650353
2,applicant_income,0.004878048780487754
3,coapplicant_income,0.0024390243902438825
4,loan_amount_term,0.0024390243902438825
5,loan_amount,-0.004065040650406549
6,education,-0.0056910569105691365
7,gender,-0.006504065040650453
8,dependents,-0.01138211382113825
9,self_employed,-0.015447154471544777
10,married,-0.017073170731707377
