,attribute,importance
0,credit_history,0.16178861788617885
1,loan_amount,0.007317073170731747
2,gender,0.006504065040650442
3,dependents,0.0056910569105691365
4,education,0.004065040650406526
5,property_area,0.0008130081300813053
6,self_employed,-0.0008130081300812941
7,applicant_income,-0.0008130081300813053
8,loan_amount_term,-0.0016260162601626105
9,coapplicant_income,-0.002439024390243916
10,married,-0.005691056910569115
